{
  "annotation_source": "evaluation/annotation_pool_bucketed_v2.csv",
  "query_source": "data/evaluation/test_queries_200_bucketed.json",
  "models": {
    "bm25": {
      "precision@5": 0.48,
      "precision@10": 0.4135,
      "recall@10": 0.23827098053277512,
      "MAP": 0.22045296454874483,
      "nDCG@10": 0.41927583665673174,
      "strong_precision@10": 0.151,
      "strong_recall@10": 0.19118587233175333
    },
    "vector": {
      "precision@5": 0.588,
      "precision@10": 0.5055000000000001,
      "recall@10": 0.3684608511718094,
      "MAP": 0.34744923972457714,
      "nDCG@10": 0.5585705016097636,
      "strong_precision@10": 0.15,
      "strong_recall@10": 0.24008210288630769
    },
    "hybrid": {
      "precision@5": 0.595,
      "precision@10": 0.5215,
      "recall@10": 0.37753600193408093,
      "MAP": 0.351723526095118,
      "nDCG@10": 0.5568446486713274,
      "strong_precision@10": 0.161,
      "strong_recall@10": 0.2445137410792445
    }
  },
  "bucket_metrics": {
    "bucket_1_short": {
      "meta": {
        "bucket_id": "bucket_1_short",
        "bucket_name": "short_1_2_attributes",
        "bucket_description": "Truy vấn ngắn, thường chỉ 1-2 thuộc tính, ví dụ loại chỗ ở + địa điểm hoặc thêm 1 tiêu chí cơ bản.",
        "bucket_order": 1
      },
      "count": 40,
      "bm25": {
        "precision@5": 0.48,
        "precision@10": 0.4425,
        "recall@10": 0.25339284188413147,
        "MAP": 0.2440775438123922,
        "nDCG@10": 0.4358665379235172,
        "strong_precision@10": 0.2075,
        "strong_recall@10": 0.1912562656641604
      },
      "vector": {
        "precision@5": 0.545,
        "precision@10": 0.4975,
        "recall@10": 0.3293479569445097,
        "MAP": 0.32350858581195246,
        "nDCG@10": 0.5461071200810321,
        "strong_precision@10": 0.2425,
        "strong_recall@10": 0.2804824561403509
      },
      "hybrid": {
        "precision@5": 0.55,
        "precision@10": 0.5025,
        "recall@10": 0.33169703889703994,
        "MAP": 0.32596642258352887,
        "nDCG@10": 0.5243370927201654,
        "strong_precision@10": 0.225,
        "strong_recall@10": 0.26883563074352546
      },
      "winners": {
        "precision@5": "hybrid",
        "precision@10": "hybrid",
        "recall@10": "hybrid",
        "MAP": "hybrid",
        "nDCG@10": "vector",
        "strong_precision@10": "vector",
        "strong_recall@10": "vector"
      }
    },
    "bucket_2_long_context": {
      "meta": {
        "bucket_id": "bucket_2_long_context",
        "bucket_name": "long_context_rich",
        "bucket_description": "Mô tả dài, có ngữ cảnh, nhiều điều kiện đồng thời như nhóm đi, ngân sách, tiện ích, mục đích chuyến đi.",
        "bucket_order": 2
      },
      "count": 40,
      "bm25": {
        "precision@5": 0.54,
        "precision@10": 0.4925,
        "recall@10": 0.24592196631913965,
        "MAP": 0.22393407087312114,
        "nDCG@10": 0.4549310850167269,
        "strong_precision@10": 0.225,
        "strong_recall@10": 0.2750230325230325
      },
      "vector": {
        "precision@5": 0.515,
        "precision@10": 0.465,
        "recall@10": 0.23277126755130093,
        "MAP": 0.21420469271855425,
        "nDCG@10": 0.4265394264298094,
        "strong_precision@10": 0.185,
        "strong_recall@10": 0.21773670773670772
      },
      "hybrid": {
        "precision@5": 0.545,
        "precision@10": 0.5075000000000001,
        "recall@10": 0.25596729000416923,
        "MAP": 0.23610598514755804,
        "nDCG@10": 0.45741882059510514,
        "strong_precision@10": 0.2125,
        "strong_recall@10": 0.26243222055722054
      },
      "winners": {
        "precision@5": "hybrid",
        "precision@10": "hybrid",
        "recall@10": "hybrid",
        "MAP": "hybrid",
        "nDCG@10": "hybrid",
        "strong_precision@10": "bm25",
        "strong_recall@10": "bm25"
      }
    },
    "bucket_3_geo_diverse": {
      "meta": {
        "bucket_id": "bucket_3_geo_diverse",
        "bucket_name": "geo_diverse_priority_minor_provinces",
        "bucket_description": "Đa dạng vị trí, ưu tiên tỉnh/thành ít phổ biến hoặc ngoài các điểm du lịch lớn để kiểm tra khả năng hiểu địa điểm hiếm.",
        "bucket_order": 3
      },
      "count": 40,
      "bm25": {
        "precision@5": 0.3,
        "precision@10": 0.2175,
        "recall@10": 0.17388266653940027,
        "MAP": 0.14944122109407565,
        "nDCG@10": 0.27552183341747566,
        "strong_precision@10": 0.02,
        "strong_recall@10": 0.07229166666666667
      },
      "vector": {
        "precision@5": 0.5,
        "precision@10": 0.405,
        "recall@10": 0.49312664890224117,
        "MAP": 0.4611220919544895,
        "nDCG@10": 0.5814151561826939,
        "strong_precision@10": 0.045,
        "strong_recall@10": 0.21229166666666666
      },
      "hybrid": {
        "precision@5": 0.465,
        "precision@10": 0.3775,
        "recall@10": 0.4844213532388253,
        "MAP": 0.43182225812526426,
        "nDCG@10": 0.5230692694023347,
        "strong_precision@10": 0.04,
        "strong_recall@10": 0.16229166666666667
      },
      "winners": {
        "precision@5": "vector",
        "precision@10": "vector",
        "recall@10": "vector",
        "MAP": "vector",
        "nDCG@10": "vector",
        "strong_precision@10": "vector",
        "strong_recall@10": "vector"
      }
    },
    "bucket_4_natural_semantics": {
      "meta": {
        "bucket_id": "bucket_4_natural_semantics",
        "bucket_name": "natural_language_semantic_queries",
        "bucket_description": "Câu truy vấn gần ngôn ngữ tự nhiên, diễn đạt mục tiêu/ngữ nghĩa thay vì chỉ nêu từ khóa.",
        "bucket_order": 4
      },
      "count": 40,
      "bm25": {
        "precision@5": 0.615,
        "precision@10": 0.52,
        "recall@10": 0.309115751857078,
        "MAP": 0.2904643970009942,
        "nDCG@10": 0.5400395612510441,
        "strong_precision@10": 0.1225,
        "strong_recall@10": 0.15809178743961352
      },
      "vector": {
        "precision@5": 0.67,
        "precision@10": 0.55,
        "recall@10": 0.371057718507556,
        "MAP": 0.34819689728358105,
        "nDCG@10": 0.5892790547106995,
        "strong_precision@10": 0.1125,
        "strong_recall@10": 0.18172182738758824
      },
      "hybrid": {
        "precision@5": 0.7,
        "precision@10": 0.5675,
        "recall@10": 0.38512370090869275,
        "MAP": 0.3624216527930744,
        "nDCG@10": 0.6053819840028182,
        "strong_precision@10": 0.125,
        "strong_recall@10": 0.20651871980676328
      },
      "winners": {
        "precision@5": "hybrid",
        "precision@10": "hybrid",
        "recall@10": "hybrid",
        "MAP": "hybrid",
        "nDCG@10": "hybrid",
        "strong_precision@10": "hybrid",
        "strong_recall@10": "hybrid"
      }
    },
    "bucket_5_random_mix": {
      "meta": {
        "bucket_id": "bucket_5_random_mix",
        "bucket_name": "random_mix_robustness",
        "bucket_description": "Các truy vấn hỗn hợp/ngẫu nhiên, có thể ngắn, mơ hồ, thiếu thuộc tính hoặc pha nhiều tín hiệu khác nhau để kiểm tra độ bền của mô hình.",
        "bucket_order": 5
      },
      "count": 40,
      "bm25": {
        "precision@5": 0.465,
        "precision@10": 0.395,
        "recall@10": 0.20904167606412624,
        "MAP": 0.19434758996314097,
        "nDCG@10": 0.39002016567489495,
        "strong_precision@10": 0.18,
        "strong_recall@10": 0.25926660936529355
      },
      "vector": {
        "precision@5": 0.71,
        "precision@10": 0.61,
        "recall@10": 0.416000663953439,
        "MAP": 0.39021393085430855,
        "nDCG@10": 0.6495117506445829,
        "strong_precision@10": 0.165,
        "strong_recall@10": 0.30817785650022494
      },
      "hybrid": {
        "precision@5": 0.715,
        "precision@10": 0.6525,
        "recall@10": 0.43047062662167757,
        "MAP": 0.4023013118261644,