{
  "query_count": 200,
  "top_k": 20,
  "MRR": 0.5888566176470588,
  "Recall@20": 0.45942221113080245,
  "NDCG@10": 0.43295913807063463,
  "p95_latency_ms": 2384.431582991965,
  "avg_latency_ms": 1031.1512214252434,
  "max_rss_mb": 1253.5,
  "avg_rss_mb": 705.001015625,
  "no_result_rate": 0.0
}